latitude,longitude,elevation,utc_offset_seconds,timezone,timezone_abbreviation
44.46397,8.972392,11.0,7200,Europe/Rome,GMT+2

time,temperature_2m (°C),relative_humidity_2m (%),precipitation (mm),rain (mm),wind_speed_10m (km/h),pressure_msl (hPa)
2014-10-08T00:00,17.1,96,1.00,1.00,2.1,1017.4
2014-10-08T01:00,17.0,97,1.30,1.30,3.1,1017.8
2014-10-08T02:00,16.9,97,1.50,1.50,2.9,1017.9
2014-10-08T03:00,16.6,98,1.50,1.50,4.1,1017.4
2014-10-08T04:00,16.6,98,1.50,1.50,3.8,1017.2
2014-10-08T05:00,16.5,99,0.80,0.80,3.7,1017.0
2014-10-08T06:00,16.7,98,0.70,0.70,4.2,1016.7
2014-10-08T07:00,16.9,98,0.90,0.90,4.6,1017.0
2014-10-08T08:00,17.2,98,0.50,0.50,4.9,1017.2
2014-10-08T09:00,17.6,96,0.30,0.30,3.6,1017.8
2014-10-08T10:00,18.2,94,0.40,0.40,3.9,1018.1
2014-10-08T11:00,18.6,93,0.40,0.40,5.0,1018.5
2014-10-08T12:00,19.0,91,0.50,0.50,3.2,1018.7
2014-10-08T13:00,19.6,89,0.60,0.60,3.4,1018.4
2014-10-08T14:00,20.4,89,0.50,0.50,5.4,1017.7
2014-10-08T15:00,20.5,93,0.20,0.20,7.2,1017.3
2014-10-08T16:00,20.8,89,0.80,0.80,7.1,1016.9
2014-10-08T17:00,20.4,91,0.30,0.30,7.7,1016.9
2014-10-08T18:00,20.0,95,0.30,0.30,6.4,1017.0
2014-10-08T19:00,19.5,96,0.40,0.40,5.8,1017.0
2014-10-08T20:00,18.8,98,0.60,0.60,6.2,1017.4
2014-10-08T21:00,18.8,96,0.50,0.50,5.0,1017.4
2014-10-08T22:00,18.7,96,0.60,0.60,4.7,1017.7
2014-10-08T23:00,18.5,96,0.60,0.60,5.2,1017.6
2014-10-09T00:00,18.3,97,0.60,0.60,3.6,1018.0
2014-10-09T01:00,18.0,98,0.90,0.90,5.4,1017.9
2014-10-09T02:00,17.9,97,1.00,1.00,7.8,1017.9
2014-10-09T03:00,17.8,98,0.80,0.80,7.5,1017.3
2014-10-09T04:00,17.6,98,1.20,1.20,6.5,1017.0
2014-10-09T05:00,17.5,98,1.50,1.50,6.1,1016.8
2014-10-09T06:00,17.4,98,1.20,1.20,6.5,1016.5
2014-10-09T07:00,17.4,98,1.80,1.80,6.6,1016.7
2014-10-09T08:00,17.4,97,2.60,2.60,6.7,1016.7
2014-10-09T09:00,17.4,98,2.70,2.70,7.1,1017.2
2014-10-09T10:00,17.7,98,3.40,3.40,7.1,1017.5
2014-10-09T11:00,18.4,97,3.80,3.80,6.6,1017.6
2014-10-09T12:00,18.7,98,3.50,3.50,5.4,1017.8
2014-10-09T13:00,19.1,98,3.20,3.20,5.4,1017.5
2014-10-09T14:00,19.4,97,2.20,2.20,6.4,1017.3
2014-10-09T15:00,19.2,98,2.20,2.20,8.5,1016.8
2014-10-09T16:00,19.7,97,1.90,1.90,5.8,1016.8
2014-10-09T17:00,19.6,97,1.30,1.30,8.7,1016.3
2014-10-09T18:00,19.3,97,1.50,1.50,7.9,1016.3
2014-10-09T19:00,19.1,97,1.00,1.00,8.2,1016.2
2014-10-09T20:00,18.8,98,1.30,1.30,7.5,1016.9
2014-10-09T21:00,18.7,98,1.80,1.80,6.2,1017.1
2014-10-09T22:00,18.8,98,1.90,1.90,6.6,1017.3
2014-10-09T23:00,18.7,98,1.50,1.50,6.6,1017.3
2014-10-10T00:00,18.7,98,1.70,1.70,6.2,1017.4
2014-10-10T01:00,18.6,98,1.70,1.70,7.2,1017.3
2014-10-10T02:00,18.6,98,1.70,1.70,7.0,1017.4
2014-10-10T03:00,18.5,98,1.70,1.70,6.0,1017.4
2014-10-10T04:00,18.3,98,1.40,1.40,5.9,1017.3
2014-10-10T05:00,18.0,98,1.00,1.00,5.7,1017.1
2014-10-10T06:00,17.7,98,0.90,0.90,8.1,1017.2
2014-10-10T07:00,17.7,98,0.80,0.80,8.2,1016.9
2014-10-10T08:00,18.0,97,0.60,0.60,8.9,1017.2
2014-10-10T09:00,18.0,96,1.10,1.10,8.4,1017.4
2014-10-10T10:00,18.8,94,0.50,0.50,7.4,1018.1
2014-10-10T11:00,19.4,92,0.50,0.50,6.6,1018.0
2014-10-10T12:00,19.9,91,0.60,0.60,5.8,1018.5
2014-10-10T13:00,20.5,89,0.80,0.80,3.8,1018.4
2014-10-10T14:00,20.9,89,0.50,0.50,4.9,1017.7
2014-10-10T15:00,20.7,91,1.00,1.00,5.8,1017.4
2014-10-10T16:00,20.4,94,1.70,1.70,5.4,1017.3
2014-10-10T17:00,20.3,96,1.90,1.90,5.9,1017.2
2014-10-10T18:00,20.1,96,1.60,1.60,6.4,1017.3
2014-10-10T19:00,19.6,97,1.50,1.50,6.4,1017.2
2014-10-10T20:00,19.0,98,1.80,1.80,8.4,1017.3
2014-10-10T21:00,19.1,98,1.10,1.10,9.3,1017.5
2014-10-10T22:00,19.3,98,0.50,0.50,9.4,1017.2
2014-10-10T23:00,19.5,98,0.40,0.40,8.9,1017.3
2014-10-11T00:00,19.6,98,0.50,0.50,14.3,1017.1
2014-10-11T01:00,19.6,98,0.50,0.50,13.3,1016.5
2014-10-11T02:00,19.5,98,0.70,0.70,9.6,1016.5
2014-10-11T03:00,19.6,98,0.60,0.60,9.2,1016.1
2014-10-11T04:00,19.6,98,0.70,0.70,7.6,1016.1
2014-10-11T05:00,19.6,98,0.80,0.80,6.6,1016.0
2014-10-11T06:00,19.2,98,1.30,1.30,10.1,1015.6
2014-10-11T07:00,19.4,98,0.70,0.70,10.7,1015.5
2014-10-11T08:00,19.7,98,0.40,0.40,11.0,1015.2
2014-10-11T09:00,19.7,98,0.10,0.10,10.7,1015.8
2014-10-11T10:00,20.5,98,0.20,0.20,10.2,1015.6
2014-10-11T11:00,20.8,99,0.50,0.50,9.9,1015.7
2014-10-11T12:00,21.2,98,0.60,0.60,9.8,1015.9
2014-10-11T13:00,21.2,95,0.80,0.80,10.8,1015.8
2014-10-11T14:00,21.0,96,0.90,0.90,11.9,1015.7
2014-10-11T15:00,21.2,99,0.60,0.60,12.7,1015.5
2014-10-11T16:00,21.0,98,0.90,0.90,12.3,1015.0
2014-10-11T17:00,20.5,96,1.20,1.20,10.4,1014.7
2014-10-11T18:00,20.4,98,0.30,0.30,7.9,1014.8
2014-10-11T19:00,19.8,98,0.60,0.60,6.1,1014.9
2014-10-11T20:00,19.3,98,0.30,0.30,6.1,1015.1
2014-10-11T21:00,19.4,97,0.20,0.20,6.4,1015.5
2014-10-11T22:00,19.3,97,0.10,0.10,7.0,1015.8
2014-10-11T23:00,19.1,97,0.20,0.20,7.4,1016.4
2014-10-12T00:00,19.0,98,0.30,0.30,6.4,1016.3
2014-10-12T01:00,18.9,98,0.30,0.30,6.6,1016.4
2014-10-12T02:00,18.9,99,0.10,0.10,5.4,1016.5
2014-10-12T03:00,19.0,99,0.10,0.10,4.3,1016.4
2014-10-12T04:00,19.0,99,0.20,0.20,4.5,1016.5
2014-10-12T05:00,19.0,99,0.00,0.00,4.7,1016.2
2014-10-12T06:00,19.3,96,0.10,0.10,5.4,1016.2
2014-10-12T07:00,19.2,97,0.00,0.00,5.1,1016.3
2014-10-12T08:00,19.1,97,0.00,0.00,4.8,1016.3
2014-10-12T09:00,19.3,92,0.00,0.00,7.6,1016.9
2014-10-12T10:00,20.1,87,0.00,0.00,8.3,1016.9
2014-10-12T11:00,20.8,83,0.00,0.00,9.4,1017.0
2014-10-12T12:00,21.8,77,0.00,0.00,8.8,1017.7
2014-10-12T13:00,22.2,75,0.00,0.00,11.7,1016.5
2014-10-12T14:00,22.7,72,0.00,0.00,12.6,1015.8
2014-10-12T15:00,22.6,75,0.00,0.00,14.8,1016.0
2014-10-12T16:00,22.2,78,0.30,0.30,11.8,1015.6
2014-10-12T17:00,22.1,81,0.20,0.20,11.2,1015.1
2014-10-12T18:00,21.7,84,0.00,0.00,10.7,1015.0
2014-10-12T19:00,21.1,88,0.30,0.30,10.3,1015.5
2014-10-12T20:00,20.2,94,1.50,1.50,13.8,1015.4
2014-10-12T21:00,20.2,96,0.10,0.10,14.5,1015.0
2014-10-12T22:00,20.4,95,0.10,0.10,13.2,1015.1
2014-10-12T23:00,20.3,95,0.20,0.20,12.5,1015.2
